Name;Email;Number
Jacob;jacob@helpinghands.cm;678345567
Joseph;joseph@helpinghands.cm;654234789
Paul;paul@helpinghands.cm;678654323
Emil;emil@helpinghands.cm;672345678
Fruh;fruh@helpinghands.cm;651893456
Jean;jean@helpinghands.cm;674567893
Yanoussa;yanoussa@helpinghands.cm;675646766
Mboppi;mboppi@helpinghands.cm;654998822
Layou;layou@helpinghands.cm;674745568
Loic;loic@helpinghands.cm;671232466
Franck;franck@helpinghands.cm;678994563
Ivan ;ivan@helpinghands.cm;653489323
Warem;warem@helpinghands.cm;675893456
Cristian;cristian@helpinghands.cm;667542344
Jippo;jippo@helpinghands.cm;668934567
Lamine;lamine@helpinghands.cm;652489345
Keldia;keldia@helpinghands.cm;678934623
Haoua;haoua@helpinghands.cm;679669456
Habib;habib@helpinghands.cm;653467892
Dudu;dudu@helpinghands.cm;681234567
Cesear;cesear@helpinghands.cm;688923456
Khalif;khalif@helpinghands.cm;678234674
Ryan;ryan@helpinghands.cm;654337689
Rachine;rachine@helpinghands.cm;689734562
Sasuke ;sasuke@helpinghands.cm;681205534
Pain ;pain@helpinghands.cm;674562394
Garra;garra@helpinghands.cm;655626388
Shigaraki;shigaraki@helpinghands.cm;674559234
